bounty1,Bobba Fett,555,Te Huia Drive,Flagstaff,Hamilton,bounty1@bountyhunters.galaxy.org,555-7878
dark_lord,Darth Vader,27,Knighton Road,Hillcrest,Hamilton,dark_lord@evil.com,555-9075
the_emporer,Emporer Palpatine,23,Rosewood Drive,Dinsdale,Hamilton,emporer@evil.com,555-2323
obiwan,Obiwan Kenobi,67,Templar Crescent,Hillcrest,Hamilton,kenobi@jedi.org,555-6767
luke,Luke Skywalker,23,Jedi Temple Drive,Hillcrest,Hamilton,luke@jedi.org,555-9385
yoda,Master Yoda,10,Swamp Road,Temple View,Hamilton,yoda@jedi.org,555-8654
han_solo,Han Solo,23,Falcon Way,Flagstaff,Hamilton,solo@smugglers.biz,555-4343